tract_id,ike_2020_mean,ike_2020_sem,ike_2020_ci_lo,ike_2020_ci_hi,ike_2030_mean,ike_2030_sem,ike_2030_ci_lo,ike_2030_ci_hi,ike_2040_mean,ike_2040_sem,ike_2040_ci_lo,ike_2040_ci_hi,fema33_2020_mean,fema33_2020_sem,fema33_2020_ci_lo,fema33_2020_ci_hi,fema33_2030_mean,fema33_2030_sem,fema33_2030_ci_lo,fema33_2030_ci_hi,fema33_2040_mean,fema33_2040_sem,fema33_2040_ci_lo,fema33_2040_ci_hi,fema36_2020_mean,fema36_2020_sem,fema36_2020_ci_lo,fema36_2020_ci_hi,fema36_2030_mean,fema36_2030_sem,fema36_2030_ci_lo,fema36_2030_ci_hi,fema36_2040_mean,fema36_2040_sem,fema36_2040_ci_lo,fema36_2040_ci_hi
0,0.33503664,0.006296281,0.3226959,0.34737736,0.3746657,0.006212734,0.36248875,0.38684267,0.40623257,0.006305728,0.39387333,0.4185918,0.35342005,0.0064040474,0.34086812,0.36597198,0.38872588,0.006355837,0.37626845,0.4011833,0.4109475,0.006130909,0.3989309,0.4229641,0.6656518,0.0086315,0.64873403,0.68256956,0.72906333,0.008044806,0.7132955,0.74483114,0.74034214,0.0076648495,0.725319,0.75536525
1,0.005892652,0.0003916708,0.0051249773,0.006660327,0.044489954,0.0015761086,0.04140078,0.04757913,0.058493678,0.001842107,0.05488315,0.062104207,0.0071216766,0.0004628017,0.006214585,0.008028768,0.04872483,0.0016758797,0.045440108,0.052009553,0.06362524,0.001978692,0.059747003,0.067503475,0.0077839936,0.0004862103,0.0068310215,0.008736966,0.050201327,0.0017130052,0.046843838,0.053558815,0.064142525,0.002004026,0.060214635,0.06807042
2,0.09811805,0.004502611,0.089292936,0.10694317,0.09201032,0.004117111,0.08394078,0.10007986,0.09749281,0.0040059863,0.08964107,0.10534454,0.1303451,0.0056147217,0.11934025,0.14134996,0.103382014,0.004293653,0.09496646,0.11179757,0.10873996,0.0042881947,0.10033509,0.11714482,0.21273255,0.0067573483,0.19948815,0.22597696,0.22124057,0.006718574,0.20807216,0.23440897,0.212689,0.006166533,0.20060259,0.2247754
3,0.001137801,1.06813315e-10,0.0011378007,0.0011378012,0.001137801,1.06813315e-10,0.0011378007,0.0011378012,0.001137801,1.06813315e-10,0.0011378007,0.0011378012,0.001137801,1.06813315e-10,0.0011378007,0.0011378012,0.001137801,1.06813315e-10,0.0011378007,0.0011378012,0.001137801,1.06813315e-10,0.0011378007,0.0011378012,0.001137801,1.06813315e-10,0.0011378007,0.0011378012,0.001137801,1.06813315e-10,0.0011378007,0.0011378012,0.001137801,1.06813315e-10,0.0011378007,0.0011378012
4,0.003473504,9.502702e-10,0.0034735021,0.0034735058,0.003473504,9.502702e-10,0.0034735021,0.0034735058,0.003473504,9.502702e-10,0.0034735021,0.0034735058,0.003473504,9.502702e-10,0.0034735021,0.0034735058,0.003473504,9.502702e-10,0.0034735021,0.0034735058,0.003473504,9.502702e-10,0.0034735021,0.0034735058,0.003473504,9.502702e-10,0.0034735021,0.0034735058,0.003473504,9.502702e-10,0.0034735021,0.0034735058,0.003473504,9.502702e-10,0.0034735021,0.0034735058
5,0.31467533,0.0055148173,0.3038663,0.32548437,0.31878787,0.0049215187,0.3091417,0.32843405,0.34779057,0.0050455476,0.3379013,0.35767984,0.44026563,0.00531443,0.42984936,0.4506819,0.43654183,0.004598353,0.42752907,0.44555458,0.4538979,0.0049984804,0.44410086,0.46369493,0.813539,0.005543864,0.80267304,0.824405,0.7922355,0.005440457,0.7815722,0.80289876,0.7808289,0.005634831,0.7697846,0.79187316
6,0.00031468555,1.1325895e-10,0.0003146853,0.00031468578,0.00031468555,1.1325895e-10,0.0003146853,0.00031468578,0.00031468555,1.1325895e-10,0.0003146853,0.00031468578,0.00031468555,1.1325895e-10,0.0003146853,0.00031468578,0.00031468555,1.1325895e-10,0.0003146853,0.00031468578,0.00031468555,1.1325895e-10,0.0003146853,0.00031468578,0.00031468555,1.1325895e-10,0.0003146853,0.00031468578,0.00031468555,1.1325895e-10,0.0003146853,0.00031468578,0.00031468555,1.1325895e-10,0.0003146853,0.00031468578
7,0.013983482,0.0011264886,0.011775564,0.016191399,0.006565345,0.00064031495,0.0053103277,0.007820362,0.0045194016,0.0005692072,0.0034037554,0.005635048,0.038222585,0.0017623351,0.03476841,0.04167676,0.025576454,0.001404109,0.0228244,0.028328508,0.025534736,0.0013493809,0.02288995,0.028179523,0.07107788,0.0019430305,0.06726954,0.074886225,0.059061065,0.0018060587,0.05552119,0.06260094,0.06844503,0.0017099247,0.06509358,0.07179648
8,0.00093652325,3.057071e-10,0.0009365227,0.00093652384,0.00094128435,1.9492018e-06,0.0009374639,0.0009451048,0.000940872,1.7448318e-06,0.00093745213,0.0009442919,0.0009365285,5.2289124e-09,0.00093651825,0.00093653874,0.00094494,2.4903345e-06,0.00094005896,0.0009498211,0.0009416936,1.8526182e-06,0.0009380625,0.0009453247,0.00093652325,3.057071e-10,0.0009365227,0.00093652384,0.0009441084,2.3503192e-06,0.0009395018,0.000948715,0.0009416936,1.8526182e-06,0.0009380625,0.0009453247
9,0.031898834,0.0013868179,0.02918067,0.034616996,0.020185435,0.0008297701,0.018559085,0.021811785,0.017638287,0.0007474153,0.016173353,0.01910322,0.03408505,0.0014426431,0.03125747,0.03691263,0.021882962,0.00089641416,0.02012599,0.023639934,0.019227346,0.0008195864,0.017620957,0.020833736,0.049741775,0.0018615484,0.04609314,0.05339041,0.034414783,0.0012542886,0.03195638,0.036873188,0.030287452,0.0011372031,0.028058534,0.03251637
10,0.0014715099,4.4935256e-10,0.001471509,0.0014715109,0.0014715099,4.4935256e-10,0.001471509,0.0014715109,0.0014715099,4.4935256e-10,0.001471509,0.0014715109,0.0014715099,4.4935256e-10,0.001471509,0.0014715109,0.0014715099,4.4935256e-10,0.001471509,0.0014715109,0.0014715099,4.4935256e-10,0.001471509,0.0014715109,0.001898114,4.514416e-05,0.0018096315,0.0019865965,0.0018117013,4.074831e-05,0.0017318346,0.0018915681,0.0018842306,4.4670767e-05,0.001796676,0.0019717854
11,0.01809013,0.0017047925,0.014748737,0.021431524,0.022915583,0.0019239485,0.019144643,0.026686523,0.02409136,0.001967542,0.020234976,0.027947742,0.02038289,0.0018263302,0.016803283,0.023962498,0.027161833,0.002071652,0.023101395,0.03122227,0.029014332,0.0021269822,0.024845447,0.033183217,0.02001988,0.0017975282,0.016496724,0.023543036,0.026258217,0.0020520964,0.022236109,0.030280326,0.02697104,0.0020684483,0.022916881,0.0310252
12,0.0035203537,0.00022769795,0.0030740658,0.0039666416,0.0039906343,0.00025095974,0.0034987533,0.0044825156,0.0041235285,0.00024861706,0.003636239,0.004610818,0.0038204417,0.00024377798,0.0033426369,0.0042982465,0.004565201,0.00028056992,0.0040152837,0.005115118,0.0046388987,0.00027419635,0.004101474,0.0051763235,0.003772126,0.00023980903,0.0033021003,0.004242152,0.0043956074,0.00026911212,0.0038681477,0.004923067,0.0045049964,0.0002692023,0.0039773597,0.005032633
13,0.00034752474,2.7624134e-11,0.00034752468,0.0003475248,0.00034905563,1.53089e-06,0.00034605508,0.00035205617,0.00034752474,2.7624134e-11,0.00034752468,0.0003475248,0.00034752474,2.7624134e-11,0.00034752468,0.0003475248,0.00034752474,2.7624134e-11,0.00034752468,0.0003475248,0.00034905563,1.53089e-06,0.00034605508,0.00035205617,0.00034752474,2.7624134e-11,0.00034752468,0.0003475248,0.00034905563,1.53089e-06,0.00034605508,0.00035205617,0.00034905563,1.53089e-06,0.00034605508,0.00035205617
14,0.0028321354,1.4069251e-05,0.0028045597,0.0028597112,0.0035526736,4.2665146e-05,0.00346905,0.0036362973,0.004000255,5.5807977e-05,0.0038908713,0.0041096387,0.0031017028,2.9927722e-05,0.0030430444,0.0031603612,0.0038840214,7.216007e-05,0.0037425878,0.004025455,0.004500877,0.00014137875,0.0042237747,0.0047779796,0.0037070308,4.8934256e-05,0.0036111197,0.0038029419,0.0047511626,0.00014598569,0.0044650305,0.0050372947,0.007255168,0.00032659172,0.0066150483,0.007895288
15,0.13367201,0.0035569652,0.12670036,0.14064367,0.12065627,0.0027061487,0.11535221,0.12596032,0.13264121,0.0025442492,0.12765448,0.13762794,0.16758652,0.0038586261,0.16002361,0.17514943,0.14715466,0.003084284,0.14110947,0.15319985,0.15567587,0.0027335768,0.15031806,0.16103369,0.30270898,0.0048536216,0.29319587,0.3122221,0.29084486,0.0046830405,0.2816661,0.30002362,0.31037894,0.004548128,0.30146462,0.31929326
16,0.0012413146,4.5671902e-10,0.0012413136,0.0012413155,0.0012413146,4.5671902e-10,0.0012413136,0.0012413155,0.0012413146,4.5671902e-10,0.0012413136,0.0012413155,0.0012413146,4.5671902e-10,0.0012413136,0.0012413155,0.0012413146,4.5671902e-10,0.0012413136,0.0012413155,0.0012413146,4.5671902e-10,0.0012413136,0.0012413155,0.0012413146,4.5671902e-10,0.0012413136,0.0012413155,0.0012413146,4.5671902e-10,0.0012413136,0.0012413155,0.0012413146,4.5671902e-10,0.0012413136,0.0012413155
17,0.012284343,0.0003645102,0.011569903,0.012998783,0.008582669,0.00026498927,0.00806329,0.009102048,0.0068464875,0.00020946756,0.006435931,0.007257044,0.013343552,0.00039441505,0.0125704985,0.014116606,0.009354273,0.00028548547,0.008794721,0.0099138245,0.007430185,0.00023034008,0.0069787186,0.007881652,0.030954465,0.00083006953,0.029327529,0.0325814,0.024189208,0.0006517763,0.022911726,0.02546669,0.020021157,0.00054221967,0.018958407,0.021083908
18,0.0019649204,2.3546047e-06,0.0019603055,0.0019695354,0.0021028477,6.805754e-05,0.0019694548,0.0022362405,0.0024355839,0.00013622097,0.0021685907,0.002702577,0.0019649204,2.3546047e-06,0.0019603055,0.0019695354,0.002242978,0.000118457,0.0020108023,0.0024751537,0.0025848874,0.00015818945,0.0022748362,0.0028949387,0.0019649204,2.3546047e-06,0.0019603055,0.0019695354,0.0022470164,0.000117347445,0.0020170154,0.0024770175,0.0026247224,0.00015859358,0.002313879,0.0029355658
19,0.0009889507,1.0556402e-05,0.00096826017,0.0010096412,0.0010673044,2.6449066e-05,0.0010154642,0.0011191446,0.0012781303,8.463125e-05,0.001112253,0.0014440076,0.0011815007,9.7881326e-05,0.0009896533,0.0013733482,0.0011719468,4.6837922e-05,0.0010801444,0.0012637491,0.0017615261,0.00013561972,0.0014957115,0.0020273407,0.011118301,0.00064818346,0.009847862,0.012388741,0.012121511,0.00054442714,0.011054434,0.0131885875,0.015929172,0.0006289935,0.014696345,0.017161999
20,0.005302795,0.00023987127,0.0048326477,0.0057729427,0.005181511,0.00023246226,0.0047258846,0.005637137,0.004092165,0.00013655647,0.003824514,0.0043598153,0.009874083,0.0004341887,0.009023073,0.010725093,0.010560489,0.00044573567,0.009686847,0.011434131,0.008875816,0.00036135197,0.008167567,0.0095840655,0.016302159,0.00058815477,0.015149375,0.017454943,0.016992219,0.00058409845,0.015847385,0.018137053,0.013987389,0.0005084613,0.012990805,0.0149839735
21,0.00071192393,5.9475783e-06,0.0007002667,0.0007235812,0.002975233,0.00040676395,0.0021779756,0.0037724902,0.020985473,0.0012587386,0.018518345,0.0234526,0.00073481025,8.308182e-06,0.0007185262,0.0007510943,0.0044673462,0.0005470072,0.003395212,0.0055394806,0.03397986,0.0015998471,0.03084416,0.03711556,0.04817897,0.0019628603,0.044331763,0.05202618,0.097222015,0.002282945,0.09274744,0.10169659,0.13750504,0.0020939284,0.13340095,0.14160913
22,0.00064307015,1.14179756e-10,0.0006430699,0.0006430704,0.00064307015,1.14179756e-10,0.0006430699,0.0006430704,0.00064307015,1.14179756e-10,0.0006430699,0.0006430704,0.00064307015,1.14179756e-10,0.0006430699,0.0006430704,0.00064307015,1.14179756e-10,0.0006430699,0.0006430704,0.00064307015,1.14179756e-10,0.0006430699,0.0006430704,0.00064307015,1.14179756e-10,0.0006430699,0.0006430704,0.00064307015,1.14179756e-10,0.0006430699,0.0006430704,0.00064307015,1.14179756e-10,0.0006430699,0.0006430704
23,0.32407507,0.0028863496,0.31841782,0.32973233,0.34762734,0.002717892,0.34230027,0.35295442,0.3597446,0.0027232822,0.35440698,0.36508223,0.3925927,0.0025142226,0.38766482,0.39752057,0.40898338,0.002399042,0.40428126,0.4136855,0.41629317,0.0023432528,0.4117004,0.42088595,0.49061096,0.0015812598,0.4875117,0.49371022,0.4967395,0.0015071116,0.49378556,0.49969345,0.50567156,0.0015642499,0.5026056,0.5087375
24,0.003774694,1.0754997e-09,0.0037746918,0.003774696,0.003774694,1.0754997e-09,0.0037746918,0.003774696,0.003774694,1.0754997e-09,0.0037746918,0.003774696,0.003774694,1.0754997e-09,0.0037746918,0.003774696,0.003774694,1.0754997e-09,0.0037746918,0.003774696,0.003774694,1.0754997e-09,0.0037746918,0.003774696,0.003774694,1.0754997e-09,0.0037746918,0.003774696,0.003774694,1.0754997e-09,0.0037746918,0.003774696,0.003774694,1.0754997e-09,0.0037746918,0.003774696
25,0.73084444,0.0054114424,0.72023803,0.74145085,0.6833193,0.006178753,0.6712089,0.6954296,0.698261,0.006014796,0.686472,0.71005005,0.7572226,0.004843744,0.7477288,0.76671636,0.7161331,0.0056891097,0.70498246,0.7272838,0.7224529,0.0055536646,0.7115677,0.73333806,0.8341124,0.0022936729,0.8296168,0.838608,0.82179654,0.0026666517,0.8165699,0.82702315,0.8239261,0.00266509,0.8187025,0.82914966
26,0.0006523123,2.3063078e-05,0.0006071087,0.0006975159,0.0013973124,5.4176373e-05,0.0012911267,0.0015034981,0.0011860073,4.8240043e-05,0.0010914567,0.0012805578,0.00068278314,2.561582e-05,0.0006325761,0.00073299016,0.0014561672,5.5627563e-05,0.0013471371,0.0015651972,0.0013572363,5.928459e-05,0.0012410386,0.001473434,0.00067427516,2.495152e-05,0.0006253702,0.0007231801,0.0014469745,5.5399298e-05,0.0013383918,0.0015555571,0.0012825141,5.129222e-05,0.0011819813,0.0013830469
27,0.027230248,0.0015737892,0.024145622,0.030314874,0.01441227,0.0007299657,0.012981537,0.015843002,0.010882793,0.00054754305,0.009809609,0.011955977,0.02939176,0.0016552685,0.026147434,0.032636087,0.0155773405,0.00078263384,0.014043378,0.017111303,0.011641782,0.0005757142,0.010513382,0.0127701815,0.05319958,0.0021929264,0.048901446,0.057497717,0.036123887,0.0013613104,0.03345572,0.038792055,0.035279825,0.0012316566,0.032865778,0.037693873
28,0.002383949,4.1988685e-10,0.002383948,0.00238395,0.002383949,4.1988685e-10,0.002383948,0.00238395,0.002383949,4.1988685e-10,0.002383948,0.00238395,0.002383949,4.1988685e-10,0.002383948,0.00238395,0.002383949,4.1988685e-10,0.002383948,0.00238395,0.002383949,4.1988685e-10,0.002383948,0.00238395,0.002383949,4.1988685e-10,0.002383948,0.00238395,0.002383949,4.1988685e-10,0.002383948,0.00238395,0.002383949,4.1988685e-10,0.002383948,0.00238395
29,0.0031972989,0.0003124531,0.0025848907,0.003809707,0.013526866,0.0006982873,0.012158223,0.014895509,0.010310659,0.00063689006,0.009062354,0.011558964,0.0037910321,0.000354506,0.0030962003,0.0044858637,0.014730963,0.00075862615,0.013244055,0.01621787,0.012661168,0.0007464954,0.011198037,0.014124299,0.0036338128,0.0003447812,0.0029580416,0.004309584,0.014563743,0.000750301,0.013093153,0.016034333,0.0119064655,0.0007222242,0.010490906,0.013322025
30,0.013273619,0.0005818325,0.012133228,0.014414011,0.012672967,0.0005534956,0.011588116,0.013757818,0.014734838,0.000552854,0.013651244,0.015818432,0.018947177,0.00071456586,0.017546628,0.020347726,0.016261337,0.0005586417,0.0151664,0.017356275,0.019527577,0.0005957192,0.018359967,0.020695187,0.052996133,0.0012244835,0.050596144,0.05539612,0.054609034,0.0011681685,0.052319422,0.056898646,0.061022118,0.0011885688,0.058692522,0.06335171
31,0.0087389,0.0005056064,0.007747911,0.009729888,0.008384314,0.0005289319,0.007347608,0.009421021,0.010796536,0.0005951826,0.009629978,0.011963094,0.028164757,0.0009757394,0.026252309,0.030077206,0.027585732,0.000988117,0.025649022,0.029522441,0.03030002,0.0010005597,0.028338922,0.032261115,0.04487588,0.0012683788,0.042389855,0.047361903,0.04492155,0.0012630619,0.04244595,0.04739715,0.047527283,0.0012424655,0.04509205,0.049962517
32,0.001816553,1.6184422e-05,0.0017848315,0.0018482744,0.0019344285,3.893624e-05,0.0018581134,0.0020107436,0.0024241635,0.00018762072,0.0020564268,0.0027919002,0.0018597499,2.9005108e-05,0.0018028999,0.0019165999,0.0021036726,0.000102580554,0.0019026147,0.0023047305,0.0027007456,0.0002026431,0.0023035652,0.003097926,0.002987393,0.000105099585,0.0027813977,0.0031933882,0.0027165727,0.00013116567,0.002459488,0.0029736573,0.004101104,0.00026910883,0.0035736507,0.0046285572
33,0.00079432287,5.06333e-05,0.0006950816,0.00089356414,0.00090556615,5.588038e-05,0.0007960406,0.0010150917,0.0009329685,5.7123478e-05,0.0008210065,0.0010449305,0.00083969097,5.2913205e-05,0.0007359811,0.00094340084,0.0010232289,6.051801e-05,0.0009046136,0.0011418442,0.0010965683,6.312169e-05,0.0009728498,0.0012202868,0.0008337028,5.26315e-05,0.000730545,0.00093686057,0.000987297,5.9126716e-05,0.0008714087,0.0011031854,0.0010218897,6.051855e-05,0.00090327335,0.0011405061
34,0.0008359585,1.3259584e-10,0.0008359583,0.00083595875,0.0008359585,1.3259584e-10,0.0008359583,0.00083595875,0.0008359585,1.3259584e-10,0.0008359583,0.00083595875,0.0008359585,1.3259584e-10,0.0008359583,0.00083595875,0.0008359585,1.3259584e-10,0.0008359583,0.00083595875,0.0008359585,1.3259584e-10,0.0008359583,0.00083595875,0.0008359585,1.3259584e-10,0.0008359583,0.00083595875,0.0008359585,1.3259584e-10,0.0008359583,0.00083595875,0.0008359585,1.3259584e-10,0.0008359583,0.00083595875
35,0.000882035,5.205523e-07,0.00088101474,0.00088305527,0.0009216162,1.6098702e-05,0.0008900628,0.00095316966,0.0009539693,3.0347152e-05,0.0008944889,0.0010134497,0.0008824261,5.8954004e-07,0.0008812706,0.0008835816,0.00095738313,3.1148025e-05,0.000896333,0.0010184332,0.0009583536,3.114883e-05,0.0008973019,0.0010194053,0.000882035,5.205523e-07,0.00088101474,0.00088305527,0.0009281069,1.720752e-05,0.00089438015,0.00096183363,0.00095794926,3.1148444e-05,0.00089689833,0.0010190002
36,0.003524412,0.00045102552,0.002640402,0.004408422,0.0025451023,0.0003066904,0.0019439891,0.0031462153,0.0034285071,0.00033923486,0.0027636068,0.0040934077,0.0066876872,0.0006509999,0.0054117274,0.007963647,0.0055414923,0.0005408585,0.0044814097,0.006601575,0.005410333,0.00049595523,0.004438261,0.0063824053,0.008431695,0.00073261885,0.0069957627,0.009867628,0.006818125,0.00061009306,0.0056223427,0.008013908,0.006815734,0.0005588398,0.0057204077,0.00791106
37,0.0004821656,1.1233814e-10,0.00048216537,0.00048216584,0.0004821656,1.1233814e-10,0.00048216537,0.00048216584,0.0004821656,1.1233814e-10,0.00048216537,0.00048216584,0.0004821656,1.1233814e-10,0.00048216537,0.00048216584,0.0004821656,1.1233814e-10,0.00048216537,0.00048216584,0.0004821656,1.1233814e-10,0.00048216537,0.00048216584,0.0004821656,1.1233814e-10,0.00048216537,0.00048216584,0.0004821656,1.1233814e-10,0.00048216537,0.00048216584,0.0004821656,1.1233814e-10,0.00048216537,0.00048216584
38,0.0014882188,5.8562777e-10,0.0014882176,0.00148822,0.0014882188,5.8562777e-10,0.0014882176,0.00148822,0.0014882188,5.8562777e-10,0.0014882176,0.00148822,0.0014882188,5.8562777e-10,0.0014882176,0.00148822,0.0014882188,5.8562777e-10,0.0014882176,0.00148822,0.0014882188,5.8562777e-10,0.0014882176,0.00148822,0.0014882188,5.8562777e-10,0.0014882176,0.00148822,0.0014882188,5.8562777e-10,0.0014882176,0.00148822,0.0014882188,5.8562777e-10,0.0014882176,0.00148822
39,0.001086879,0.0002596216,0.0005780207,0.0015957374,0.0038370725,0.0006485342,0.0025659455,0.0051081995,0.0044429675,0.0007073281,0.0030566044,0.0058293305,0.0013280764,0.00030045855,0.0007391776,0.0019169751,0.0044888807,0.0007172549,0.0030830612,0.0058947,0.0049922415,0.0007568827,0.0035087513,0.0064757317,0.0011218316,0.00026105708,0.0006101597,0.0016335035,0.0046783863,0.0007447331,0.0032187095,0.006138063,0.004742408,0.0007381248,0.0032956835,0.006189133
40,0.0032778694,3.9176983e-05,0.0032010826,0.0033546563,0.0036857242,8.4938154e-05,0.0035192454,0.003852203,0.0042573866,0.00013144004,0.003999764,0.004515009,0.0033527303,4.612679e-05,0.0032623217,0.003443139,0.004084919,0.000115247734,0.0038590336,0.004310805,0.0047163963,0.00016518917,0.0043926258,0.005040167,0.0033503727,4.607813e-05,0.0032600595,0.0034406858,0.0040201596,0.00011461453,0.003795515,0.004244804,0.00465225,0.0001606862,0.004337305,0.004967195
41,0.016432289,0.0003617135,0.01572333,0.017141247,0.017578507,0.00036695923,0.016859267,0.018297747,0.018943597,0.000394286,0.018170796,0.019716397,0.021093626,0.00038091847,0.020347025,0.021840226,0.021996077,0.0003918857,0.021227982,0.022764172,0.022468565,0.00040322504,0.021678245,0.023258885,0.031716153,0.0004224881,0.030888077,0.03254423,0.032406352,0.0004197949,0.031583555,0.03322915,0.034021303,0.0004194992,0.033199083,0.034843523
42,0.0035265838,0.00022449893,0.003086566,0.0039666016,0.0148216,0.00071642315,0.013417411,0.016225789,0.024099445,0.0010181948,0.022103783,0.026095107,0.0039232466,0.00024947012,0.003434285,0.004412208,0.01546866,0.00075583486,0.013987224,0.016950097,0.025062557,0.0010490537,0.023006411,0.027118703,0.0038732174,0.00024735372,0.0033884041,0.004358031,0.015440321,0.0007459098,0.013978337,0.016902303,0.025648195,0.0010714241,0.023548204,0.027748186
43,0.00097363425,0.000121128855,0.0007362217,0.0012110468,0.0010519036,0.0001321762,0.0007928382,0.001310969,0.0007226929,3.6874164e-05,0.0006504195,0.00079496624,0.0023790984,0.00025387632,0.0018815008,0.0028766962,0.0025484052,0.0002654264,0.0020281693,0.003068641,0.0016181284,0.00018588197,0.0012537998,0.001982457,0.0032485202,0.00030435174,0.0026519909,0.0038450495,0.003204496,0.00030382493,0.0026089991,0.003799993,0.0020280292,0.00022610203,0.0015848692,0.0024711892
44,0.00079433585,2.1546825e-10,0.00079433544,0.00079433626,0.00079433585,2.1546825e-10,0.00079433544,0.00079433626,0.00079433585,2.1546825e-10,0.00079433544,0.00079433626,0.00079433585,2.1546825e-10,0.00079433544,0.00079433626,0.00079433585,2.1546825e-10,0.00079433544,0.00079433626,0.00079433585,2.1546825e-10,0.00079433544,0.00079433626,0.00079433585,2.1546825e-10,0.00079433544,0.00079433626,0.00079433585,2.1546825e-10,0.00079433544,0.00079433626,0.00079433585,2.1546825e-10,0.00079433544,0.00079433626
45,0.24519679,0.004283274,0.23680156,0.253592,0.21650077,0.0040852553,0.20849368,0.22450787,0.24080212,0.0042139995,0.23254268,0.24906157,0.265845,0.004645428,0.25673997,0.27495003,0.2348159,0.0042407066,0.22650412,0.24312767,0.2565656,0.004387552,0.24796599,0.2651652,0.3891332,0.005271681,0.3788007,0.39946568,0.36792699,0.0052246074,0.35768676,0.3781672,0.38922378,0.005132764,0.37916356,0.399284
46,0.00082265347,6.1474107e-06,0.00081060454,0.0008347024,0.0011036033,0.000103519014,0.00090070604,0.0013065005,0.001206776,0.00010880969,0.0009935091,0.001420043,0.0008276339,7.905102e-06,0.0008121399,0.0008431279,0.0011124766,0.00010476186,0.00090714335,0.0013178098,0.0014153557,0.00015370191,0.0011141,0.0017166114,0.0008276339,7.905102e-06,0.0008121399,0.0008431279,0.0011124766,0.00010476186,0.00090714335,0.0013178098,0.0014041667,0.00015365708,0.0011029989,0.0017053345
47,0.11126261,0.0011415513,0.10902517,0.11350005,0.11563182,0.0010104435,0.11365135,0.11761229,0.12325944,0.0012285163,0.12085155,0.12566733,0.12690674,0.0005126559,0.12590194,0.12791154,0.13321938,0.00085995323,0.13153386,0.13490489,0.1393426,0.0010194425,0.1373445,0.14134072,0.1439386,0.00083620934,0.14229964,0.14557756,0.17876925,0.0015464819,0.17573814,0.18180035,0.2018683,0.0019038637,0.19813672,0.20559987
48,3.150244e-05,1.42724695e-11,3.150241e-05,3.150247e-05,3.250229e-05,7.066941e-07,3.1117168e-05,3.388741e-05,3.300223e-05,8.650857e-07,3.1306663e-05,3.4697798e-05,3.150244e-05,1.42724695e-11,3.150241e-05,3.150247e-05,3.250229e-05,7.066941e-07,3.1117168e-05,3.388741e-05,3.450204e-05,1.2215627e-06,3.210778e-05,3.6896305e-05,3.150244e-05,1.42724695e-11,3.150241e-05,3.150247e-05,3.250229e-05,7.066941e-07,3.1117168e-05,3.388741e-05,3.40021e-05,1.1156965e-06,3.1815336e-05,3.6188863e-05
49,0.3192147,0.00887812,0.30181357,0.33661583,0.4853985,0.009911056,0.46597284,0.50482416,0.57659256,0.009616632,0.55774397,0.59544116,0.3021409,0.008577952,0.2853281,0.3189537,0.41455874,0.009902083,0.39515066,0.43396682,0.46800914,0.009973708,0.44846067,0.48755762,0.7693729,0.008428558,0.7528529,0.78589284,0.8682986,0.0065173493,0.8555246,0.8810726,0.89705676,0.0056662424,0.8859509,0.9081626
50,0.5203176,0.003264426,0.51391935,0.5267159,0.5272272,0.0031816792,0.52099115,0.5334633,0.5596232,0.0027565516,0.5542203,0.56502604,0.6091354,0.0019112474,0.60538936,0.6128814,0.61324203,0.0018313668,0.6096526,0.6168315,0.6369505,0.0021942763,0.6326497,0.64125127,0.8407121,0.0031621524,0.83451426,0.8469099,0.8321005,0.003266899,0.82569736,0.83850366,0.8534204,0.0030214058,0.8474984,0.85934234
51,0.005551898,0.00028095394,0.0050012283,0.0061025675,0.028653167,0.0014569162,0.025797611,0.03150872,0.047284484,0.0022155584,0.042941988,0.05162698,0.006105251,0.0003201724,0.0054777134,0.006732789,0.0312633,0.0016073664,0.02811286,0.034413736,0.050115585,0.0023293516,0.045550056,0.054681115,0.0059702564,0.00031613332,0.005350635,0.006589878,0.03181792,0.0015810034,0.028719153,0.034916688,0.0646243,0.0025747656,0.059577763,0.06967084
52,0.0016137274,4.6408546e-10,0.0016137265,0.0016137284,0.0020524135,8.4806765e-05,0.0018861922,0.0022186348,0.003719243,0.00021514948,0.00329755,0.004140936,0.0016137274,4.6408546e-10,0.0016137265,0.0016137284,0.0020800983,9.018185e-05,0.0019033419,0.0022568547,0.004032039,0.00023780797,0.0035659354,0.0044981427,0.0018752709,6.279937e-05,0.0017521841,0.0019983577,0.003560482,0.0001891525,0.003189743,0.003931221,0.007927471,0.0005122313,0.0069234977,0.008931444
53,0.28603113,0.005907919,0.2744516,0.29761064,0.2312484,0.003983836,0.22344008,0.2390567,0.2389812,0.0037296608,0.23167107,0.24629134,0.31506133,0.0062616207,0.30278856,0.3273341,0.2542325,0.0047437106,0.24493483,0.26353016,0.25310415,0.0041668084,0.24493721,0.2612711,0.5906942,0.009493052,0.5720878,0.60930055,0.5767188,0.00978326,0.55754364,0.595894,0.55687714,0.009625361,0.53801143,0.57574284
54,0.0011129356,5.4049574e-06,0.0011023419,0.0011235293,0.0011338458,2.6315272e-05,0.0010822678,0.0011854237,0.001142414,2.7666802e-05,0.0010881871,0.001196641,0.0011338458,2.6315272e-05,0.0010822678,0.0011854237,0.001142414,2.7666802e-05,0.0010881871,0.001196641,0.0011721358,3.8449438e-05,0.0010967749,0.0012474967,0.0011338458,2.6315272e-05,0.0010822678,0.0011854237,0.001142414,2.7666802e-05,0.0010881871,0.001196641,0.0011455803,2.7843422e-05,0.0010910073,0.0012001534
55,0.012935266,0.000111983405,0.012715778,0.0131547535,0.013319426,9.7454795e-05,0.013128415,0.013510438,0.0136923,0.000101175494,0.013493996,0.013890604,0.014279495,4.981378e-05,0.01418186,0.01437713,0.014565783,5.7881196e-05,0.014452335,0.01467923,0.014728427,7.0180584e-05,0.014590873,0.0148659805,0.018141719,0.00023839326,0.017674468,0.018608969,0.020800995,0.00032225173,0.020169381,0.021432608,0.024120996,0.00049211964,0.023156442,0.02508555
56,0.42176414,0.0082209,0.40565118,0.4378771,0.5138763,0.008436232,0.4973413,0.53041136,0.58248204,0.008234748,0.56634194,0.59862214,0.3959834,0.008306362,0.37970293,0.41226387,0.4965158,0.008527354,0.4798022,0.5132294,0.5676861,0.008372681,0.5512756,0.58409655,0.7909205,0.0047811307,0.78154945,0.80029154,0.8387527,0.0037599949,0.8313831,0.84612226,0.8592636,0.0030792463,0.8532283,0.8652989
57,0.001588799,0.00013214388,0.001329797,0.0018478009,0.012562795,0.0005250424,0.011533711,0.013591878,0.01407206,0.00055447425,0.01298529,0.015158829,0.0041750465,0.00026090225,0.003663678,0.0046864147,0.019093513,0.00071325665,0.017695531,0.020491496,0.01884547,0.00073696615,0.017401017,0.020289924,0.01015867,0.00044641676,0.0092836935,0.011033647,0.029681234,0.000958621,0.027802337,0.03156013,0.029887699,0.001056966,0.027816046,0.03195935
58,0.20873764,0.0071256757,0.19477132,0.22270396,0.28415513,0.008106389,0.26826662,0.30004364,0.3301621,0.008671526,0.3131659,0.3471583,0.21765465,0.0072782915,0.2033892,0.2319201,0.28354162,0.008132988,0.26760095,0.2994823,0.3186261,0.0086547,0.3016629,0.33558932,0.61880416,0.0101667205,0.5988774,0.63873094,0.7010541,0.009414264,0.68260217,0.719506,0.7519288,0.008694332,0.7348879,0.7689697
59,0.0014271729,2.0257698e-10,0.0014271726,0.0014271733,0.0014271729,2.0257698e-10,0.0014271726,0.0014271733,0.0014708518,4.3678363e-05,0.0013852422,0.0015564614,0.0014271729,2.0257698e-10,0.0014271726,0.0014271733,0.0014271729,2.0257698e-10,0.0014271726,0.0014271733,0.0014271729,2.0257698e-10,0.0014271726,0.0014271733,0.0014271729,2.0257698e-10,0.0014271726,0.0014271733,0.0014271729,2.0257698e-10,0.0014271726,0.0014271733,0.0014708518,4.3678363e-05,0.0013852422,0.0015564614
60,0.0084117595,0.0005876817,0.0072599035,0.009563616,0.015567166,0.00084450445,0.013911937,0.017222395,0.020562949,0.0009560439,0.018689103,0.022436794,0.00902608,0.00061927835,0.0078122946,0.010239866,0.01575041,0.0008375647,0.014108784,0.017392037,0.0223723,0.0009996556,0.020412974,0.024331626,0.010655417,0.0007053189,0.009272992,0.012037843,0.019762952,0.0009823258,0.017837593,0.02168831,0.024306094,0.0010620754,0.022224426,0.026387762
61,0.0006091307,1.5040144e-05,0.000579652,0.0006386094,0.0044894745,0.00025054417,0.003998408,0.004980541,0.01504997,0.00063923735,0.013797064,0.016302874,0.0014360207,8.808737e-05,0.0012633695,0.001608672,0.008874507,0.00036489373,0.008159315,0.009589698,0.023077128,0.0008278233,0.021454595,0.024699662,0.028962752,0.00081363006,0.027368037,0.030557467,0.06778013,0.0017869645,0.06427768,0.07128258,0.10947002,0.002603034,0.10436807,0.114571966
62,0.24593583,0.004881936,0.23636723,0.25550443,0.2705045,0.0049014343,0.2608977,0.2801113,0.31588715,0.005264346,0.30556902,0.32620528,0.26606932,0.005068164,0.25613573,0.2760029,0.2854107,0.004988244,0.27563375,0.29518765,0.32493395,0.0053154356,0.31451568,0.3353522,0.45820412,0.006287829,0.44587997,0.47052827,0.47645104,0.006008417,0.46467453,0.48822755,0.5129966,0.0059428895,0.50134856,0.5246447
63,0.000891222,1.8968571e-10,0.0008912216,0.0008912223,0.000891222,1.8968571e-10,0.0008912216,0.0008912223,0.000891222,1.8968571e-10,0.0008912216,0.0008912223,0.000891222,1.8968571e-10,0.0008912216,0.0008912223,0.000891222,1.8968571e-10,0.0008912216,0.0008912223,0.000891222,1.8968571e-10,0.0008912216,0.0008912223,0.000891222,1.8968571e-10,0.0008912216,0.0008912223,0.000891222,1.8968571e-10,0.0008912216,0.0008912223,0.000891222,1.8968571e-10,0.0008912216,0.0008912223
64,0.00063964823,3.5430334e-05,0.0005702048,0.00070909166,0.0013250966,0.000103546634,0.0011221452,0.001528048,0.0016990128,0.00011361138,0.0014763345,0.0019216911,0.0007109006,5.136176e-05,0.00061023154,0.0008115696,0.0014738434,0.00011239548,0.0012535482,0.0016941385,0.0019537774,0.00013104027,0.0016969384,0.0022106164,0.0008386105,7.8159945e-05,0.00068541704,0.0009918041,0.0022111267,0.00019428424,0.0018303297,0.0025919238,0.0021033664,0.0001445516,0.0018200453,0.0023866876
65,0.00321108,0.00010540702,0.0030044822,0.003417678,0.0052892403,0.0003594479,0.004584722,0.0059937583,0.0057241498,0.00041491893,0.0049109086,0.006537391,0.0033536353,0.00013101357,0.0030968487,0.003610422,0.005912222,0.00045813413,0.005014279,0.006810165,0.0063073332,0.0004872784,0.0053522675,0.007262399,0.003256141,0.00010775812,0.003044935,0.003467347,0.0058816285,0.00045741053,0.004985104,0.006778153,0.0061351233,0.0004778124,0.005198611,0.0070716357
66,0.25659674,0.007208127,0.24246882,0.27072468,0.30572674,0.00812631,0.28979915,0.32165432,0.36764956,0.008764033,0.35047206,0.38482705,0.25214186,0.0072148526,0.23800075,0.26628298,0.2822334,0.0077831536,0.2669784,0.29748836,0.35029262,0.008694222,0.33325195,0.3673333,0.58008343,0.010211836,0.56006825,0.6000986,0.6300185,0.009805612,0.6107995,0.64923745,0.68461925,0.0093912,0.6662125,0.703026
67,0.0014753486,2.9572291e-05,0.0014173869,0.0015333103,0.0013921366,1.6080963e-05,0.0013606179,0.0014236552,0.0013510945,2.5683494e-06,0.0013460605,0.0013561284,0.0015175838,3.4860735e-05,0.0014492568,0.0015859109,0.0014183257,2.26056e-05,0.0013740187,0.0014626327,0.001356187,4.8560387e-06,0.0013466692,0.0013657049,0.0015141736,3.4740246e-05,0.0014460827,0.0015822644,0.0014183257,2.26056e-05,0.0013740187,0.0014626327,0.0013528272,4.268004e-06,0.0013444619,0.0013611924
68,0.013850859,0.00041628577,0.013034939,0.01466678,0.022464331,0.00064062345,0.02120871,0.023719953,0.020089258,0.0005175432,0.019074872,0.021103643,0.027165944,0.00053162343,0.026123961,0.028207926,0.036183,0.00072772073,0.034756668,0.03760933,0.031147461,0.00062532065,0.029921833,0.03237309,0.0954538,0.0012530076,0.0929979,0.0979097,0.110484906,0.0015261604,0.10749363,0.11347618,0.09855613,0.0013751277,0.09586088,0.10125138
69,0.0013155234,0.00011499146,0.0010901401,0.0015409067,0.0017364171,0.00011131523,0.0015182393,0.0019545949,0.003077287,0.00025311747,0.0025811768,0.0035733972,0.0014808016,0.0001327636,0.001220585,0.0017410183,0.0020520615,0.00013392259,0.0017895732,0.0023145499,0.0035519723,0.00029420893,0.0029753228,0.004128622,0.0014760998,0.00013257866,0.0012162457,0.001735954,0.002005204,0.00013254042,0.0017454249,0.0022649833,0.0035300716,0.00029152236,0.0029586877,0.004101455
70,0.4546432,0.0067391875,0.44143438,0.467852,0.3834538,0.0065929205,0.37053165,0.39637592,0.4132609,0.0066260532,0.40027383,0.42624798,0.5155594,0.0069515924,0.50193423,0.5291845,0.41049922,0.0065326802,0.39769515,0.42330328,0.4473419,0.00661885,0.43436894,0.46031484,0.82415396,0.004938584,0.81447434,0.8338336,0.825274,0.0048660575,0.81573653,0.83481145,0.8804985,0.0038297174,0.8729923,0.8880048
71,0.0066070342,0.00032561342,0.005968832,0.0072452365,0.0040393053,0.0002368481,0.0035750829,0.0045035277,0.0041868924,0.0002439144,0.00370882,0.0046649645,0.015138981,0.00050984445,0.014139686,0.016138276,0.011792729,0.0004389308,0.010932424,0.012653033,0.013501862,0.00046043048,0.012599418,0.014404306,0.027874911,0.0006177526,0.026664115,0.029085707,0.024417272,0.0005700866,0.023299903,0.025534641,0.028957728,0.00059860985,0.027784454,0.030131003
72,0.33556637,0.005505494,0.3247756,0.34635714,0.37241405,0.0055754515,0.36148617,0.38334194,0.40281773,0.0055359807,0.3919672,0.41366825,0.34499225,0.0056002727,0.33401573,0.35596877,0.37705916,0.0055504516,0.36618027,0.38793805,0.41211006,0.0056282156,0.40107876,0.42314136,0.6305224,0.0051188543,0.6204894,0.6405553,0.66930693,0.0048233233,0.6598532,0.67876065,0.71340865,0.0045467196,0.7044971,0.7223202
73,0.0026953556,7.9989535e-05,0.002538576,0.002852135,0.003726142,0.00014070274,0.0034503646,0.004001919,0.004006782,0.0001738189,0.003666097,0.0043474673,0.0028291144,8.7803695e-05,0.0026570193,0.0030012096,0.0039408617,0.00014880903,0.003649196,0.004232527,0.0043146494,0.00017244939,0.0039766487,0.00465265,0.0028151637,8.645684e-05,0.0026457084,0.002984619,0.003920257,0.0001492254,0.0036277752,0.004212739,0.0041207583,0.00017668292,0.0037744597,0.0044670566
74,0.002303091,7.243691e-05,0.0021611147,0.0024450675,0.0019743275,5.5873217e-05,0.001864816,0.002083839,0.0016256011,3.623539e-05,0.0015545797,0.0016966225,0.0024201614,7.6424265e-05,0.0022703698,0.002569953,0.0020553202,5.9028665e-05,0.001939624,0.0021710163,0.0017151706,5.720418e-05,0.0016030504,0.0018272907,0.0024118694,7.644737e-05,0.0022620326,0.0025617061,0.0020456973,5.8486465e-05,0.0019310638,0.0021603308,0.0016713742,3.9177823e-05,0.0015945856,0.0017481628
75,0.07110376,0.0027659822,0.06568243,0.076525085,0.058964927,0.0025275594,0.05401091,0.06391894,0.069829755,0.0027046825,0.06452858,0.07513093,0.18080442,0.003286056,0.17436375,0.18724509,0.15236612,0.003208032,0.14607838,0.15865386,0.17345385,0.0031649484,0.16725056,0.17965715,0.27554742,0.0026228372,0.27040666,0.28068817,0.2522152,0.0024373853,0.24743792,0.2569925,0.2673007,0.002271874,0.2628478,0.27175358
76,0.00093038694,5.089594e-05,0.0008306309,0.001030143,0.0014728578,0.0001507305,0.001177426,0.0017682896,0.0013465185,0.00011562494,0.0011198936,0.0015731434,0.0010081779,8.488949e-05,0.0008417945,0.0011745613,0.0015312632,0.00016062129,0.0012164455,0.001846081,0.0016059417,0.00015583387,0.0013005072,0.0019113761,0.0013148733,0.00014085353,0.0010388005,0.0015909462,0.0030262414,0.00031985718,0.0023993214,0.0036531615,0.0021296404,0.00020392095,0.0017299554,0.0025293254
77,0.0009755349,2.6334893e-10,0.0009755344,0.0009755354,0.0009755349,2.6334893e-10,0.0009755344,0.0009755354,0.0009755349,2.6334893e-10,0.0009755344,0.0009755354,0.0009755349,2.6334893e-10,0.0009755344,0.0009755354,0.0009755349,2.6334893e-10,0.0009755344,0.0009755354,0.0009755349,2.6334893e-10,0.0009755344,0.0009755354,0.0009755349,2.6334893e-10,0.0009755344,0.0009755354,0.0009755349,2.6334893e-10,0.0009755344,0.0009755354,0.0009755349,2.6334893e-10,0.0009755344,0.0009755354
78,0.0016095459,5.677735e-05,0.0014982623,0.0017208295,0.00514116,0.00022083893,0.0047083157,0.0055740043,0.0055063106,0.00023968158,0.0050365347,0.0059760865,0.007537144,0.00027809376,0.00699208,0.008082207,0.02025365,0.00074794044,0.018787688,0.021719614,0.028195074,0.00094649685,0.02633994,0.030050207,0.16726966,0.0015487381,0.16423413,0.17030519,0.20664598,0.0015449362,0.2036179,0.20967406,0.21215038,0.0015423241,0.20912743,0.21517333
79,0.0061106575,0.00043278516,0.0052623986,0.0069589163,0.003825266,0.00027132998,0.003293459,0.0043570725,0.0020276513,0.00014167724,0.001749964,0.0023053386,0.006859757,0.0004638071,0.005950695,0.007768819,0.004295848,0.00029859887,0.003710594,0.0048811017,0.002248627,0.00015830601,0.0019383471,0.0025589066,0.00677752,0.00046226138,0.0058714873,0.0076835523,0.0042530117,0.00029218366,0.0036803316,0.0048256917,0.0022328845,0.00015485269,0.0019293732,0.0025363958
80,0.003183532,1.0386633e-09,0.00318353,0.0031835341,0.003183532,1.0386633e-09,0.00318353,0.0031835341,0.003183532,1.0386633e-09,0.00318353,0.0031835341,0.003183532,1.0386633e-09,0.00318353,0.0031835341,0.003183532,1.0386633e-09,0.00318353,0.0031835341,0.003183532,1.0386633e-09,0.00318353,0.0031835341,0.003183532,1.0386633e-09,0.00318353,0.0031835341,0.003183532,1.0386633e-09,0.00318353,0.0031835341,0.003183532,1.0386633e-09,0.00318353,0.0031835341
81,0.4401184,0.0068922173,0.42660967,0.45362714,0.49301168,0.007186297,0.47892654,0.5070968,0.5514863,0.0072060875,0.5373624,0.56561023,0.46106806,0.0068612923,0.44761994,0.47451618,0.50202966,0.006994749,0.48831996,0.5157394,0.5567043,0.0070613422,0.542864,0.57054454,0.72987366,0.0074990722,0.71517545,0.74457186,0.7786066,0.007005742,0.76487535,0.79233783,0.8128953,0.0065201707,0.80011576,0.82567483
82,0.030275863,0.0015911489,0.02715721,0.033394516,0.013829822,0.0005525098,0.012746902,0.014912741,0.009650339,0.0003015689,0.009059264,0.010241414,0.032249838,0.0016583656,0.028999442,0.035500236,0.01457267,0.0005910031,0.013414304,0.015731037,0.0098558,0.0003194754,0.009229628,0.010481972,0.032303866,0.0016621198,0.02904611,0.03556162,0.01464,0.00058798684,0.013487546,0.015792454,0.010177043,0.00032624623,0.009537601,0.010816486
83,0.30302876,0.008478219,0.28641146,0.31964606,0.4309348,0.0096783,0.4119653,0.44990426,0.46733707,0.01005538,0.44762853,0.48704562,0.3068598,0.008369897,0.2904548,0.32326478,0.40838087,0.009589346,0.38958573,0.427176,0.42331246,0.009921491,0.40386632,0.4427586,0.7655141,0.008677269,0.7485066,0.78252155,0.84079224,0.0072308863,0.8266197,0.8549648,0.8732496,0.006408936,0.8606881,0.8858111
84,0.0015465094,3.572721e-10,0.0015465087,0.0015465101,0.001734641,6.3779786e-05,0.0016096326,0.0018596494,0.0022417386,0.00012276619,0.002001117,0.0024823602,0.0015465094,3.572721e-10,0.0015465087,0.0015465101,0.0017370323,6.3863765e-05,0.0016118593,0.0018622053,0.002362487,0.0001334831,0.00210086,0.0026241138,0.0015762615,7.1606496e-06,0.0015622266,0.0015902964,0.0020279293,9.262522e-05,0.0018463839,0.0022094748,0.0032342542,0.00023385062,0.002775907,0.0036926013
85,0.38683736,0.0066591413,0.37378544,0.3998893,0.39313564,0.0073883547,0.37865445,0.40761682,0.42540956,0.007377465,0.41094974,0.43986937,0.41414455,0.0064057237,0.40158933,0.42669976,0.4179747,0.007311485,0.4036442,0.43230522,0.43305406,0.0072664055,0.41881192,0.4472962,0.75785965,0.0060464353,0.74600863,0.76971066,0.80500835,0.0054348875,0.794356,0.8156607,0.8257305,0.0048392597,0.81624556,0.83521545
86,0.0007904423,6.49897e-05,0.00066306244,0.0009178221,0.0011520232,8.44177e-05,0.0009865646,0.0013174819,0.0012193626,9.076448e-05,0.0010414643,0.0013972609,0.0009135227,7.707166e-05,0.0007624622,0.0010645831,0.0013660227,0.000104204955,0.001161781,0.0015702645,0.0014128549,0.00010455299,0.001207931,0.0016177788,0.0012234043,8.371015e-05,0.0010593324,0.0013874762,0.00183936,0.00012024749,0.0016036748,0.0020750451,0.0018123013,0.000117739764,0.0015815314,0.0020430712
87,0.80326813,0.0071423645,0.7892691,0.8172672,0.82488745,0.006757625,0.8116425,0.8381324,0.8836243,0.005000749,0.87382287,0.89342576,0.9562761,0.0007200652,0.9548648,0.95768744,0.9568344,0.00066333346,0.9555342,0.95813453,0.9585862,0.0004565164,0.95769143,0.959481,0.96179634,9.6445165e-06,0.96177745,0.96181524,0.9617872,9.8324845e-06,0.961768,0.9618065,0.9618022,7.639263e-06,0.9617872,0.96181715
88,0.0062407693,0.0004619034,0.0053354385,0.0071461,0.0013885457,0.00013805626,0.0011179554,0.001659136,0.0043389564,0.00039362695,0.0035674477,0.0051104655,0.037211712,0.0012645888,0.034733117,0.03969031,0.026165493,0.000991953,0.024221266,0.02810972,0.039922625,0.0011557365,0.03765738,0.04218787,0.07793914,0.0016945594,0.0746178,0.08126047,0.060492955,0.0014163018,0.057717003,0.06326891,0.075356476,0.0014924168,0.07243134,0.07828161
89,0.75445086,0.0048099174,0.7450234,0.7638783,0.69718236,0.0051296265,0.6871283,0.7072364,0.70605254,0.0049030324,0.6964426,0.7156625,0.777442,0.0044674296,0.7686858,0.78619814,0.7219767,0.004907293,0.7123584,0.731595,0.7212499,0.004742903,0.71195376,0.730546,0.8881631,0.0026025318,0.8830621,0.89326406,0.86686635,0.0028144997,0.86134994,0.87238276,0.8673232,0.00279324,0.8618485,0.87279797
90,0.002407156,0.00011492634,0.0021819002,0.0026324117,0.0067275716,0.0002681305,0.0062020356,0.0072531076,0.014396528,0.00048129153,0.013453197,0.015339859,0.00251827,0.00011799666,0.0022869965,0.0027495434,0.0073097902,0.00028917473,0.006743008,0.007876573,0.015337374,0.0005022798,0.014352906,0.016321842,0.0025049374,0.00011793098,0.0022737926,0.002736082,0.0071885795,0.00028448662,0.006630986,0.007746173,0.015166211,0.0005039164,0.014178535,0.016153887
91,0.0047622067,0.00034806924,0.004079991,0.0054444224,0.005817242,0.00039353044,0.0050459225,0.0065885615,0.0062606283,0.00041034585,0.0054563503,0.0070649064,0.0053009046,0.00037561887,0.004564692,0.0060371174,0.006841297,0.00043008794,0.0059983246,0.007684269,0.0073394496,0.00044746476,0.0064624185,0.008216481,0.005257801,0.00037112745,0.004530391,0.005985211,0.0067420066,0.00042988855,0.005899425,0.007584588,0.0071758037,0.0004401794,0.006313052,0.008038555
92,0.28621402,0.007846644,0.2708346,0.30159345,0.36577603,0.008423422,0.3492661,0.38228595,0.4187372,0.008782441,0.40152362,0.4359508,0.27602148,0.008046133,0.26025105,0.29179192,0.3401855,0.008410668,0.32370058,0.3566704,0.38993564,0.008808921,0.37267014,0.40720114,0.5967128,0.009556084,0.5779829,0.61544275,0.6787424,0.0085654715,0.6619541,0.6955307,0.71216726,0.008116947,0.69625807,0.72807646
93,0.033801187,0.001575894,0.030712435,0.03688994,0.031370517,0.0015513394,0.028329892,0.034411144,0.04178538,0.0017353187,0.03838416,0.045186605,0.035284225,0.0016088902,0.0321308,0.03843765,0.03610843,0.0016339654,0.032905858,0.039311003,0.043270633,0.0017548364,0.039831154,0.04671011,0.034867723,0.001596576,0.031738434,0.03799701,0.03339408,0.0015804865,0.030296326,0.036491834,0.043238927,0.0017568679,0.039795466,0.046682388
94,0.011518589,0.00066247024,0.010220148,0.012817031,0.007582111,0.0004093949,0.006779697,0.008384525,0.003993361,0.0001971286,0.0036069888,0.004379733,0.013693686,0.0007893989,0.012146464,0.015240908,0.0087970765,0.00048737702,0.007841818,0.009752335,0.0045682415,0.00025435755,0.004069701,0.0050667822,0.01401825,0.0007787026,0.012491993,0.015544507,0.008699951,0.00047839063,0.007762305,0.009637596,0.0044703474,0.00023547791,0.0040088105,0.0049318844
95,0.0009174224,1.2522941e-10,0.0009174222,0.00091742264,0.0009174224,1.2522941e-10,0.0009174222,0.00091742264,0.0009174224,1.2522941e-10,0.0009174222,0.00091742264,0.0009174224,1.2522941e-10,0.0009174222,0.00091742264,0.0009174224,1.2522941e-10,0.0009174222,0.00091742264,0.0009174224,1.2522941e-10,0.0009174222,0.00091742264,0.0009174224,1.2522941e-10,0.0009174222,0.00091742264,0.0009174224,1.2522941e-10,0.0009174222,0.00091742264,0.0009174224,1.2522941e-10,0.0009174222,0.00091742264
96,0.001578815,0.00011878531,0.0013459958,0.0018116343,0.0024692975,0.00019965347,0.0020779767,0.0028606183,0.002673211,0.00021964344,0.00224271,0.003103712,0.0019696269,0.00015603448,0.0016637993,0.0022754543,0.0029936144,0.0002395566,0.0025240835,0.0034631453,0.003284251,0.00026826005,0.0027584615,0.0038100407,0.0019349583,0.00015456746,0.001632006,0.0022379104,0.0029611262,0.00024187799,0.0024870452,0.003435207,0.003032229,0.0002442043,0.0025535885,0.0035108693
97,0.0018131816,2.118746e-06,0.0018090288,0.0018173343,0.0018097698,4.497169e-07,0.0018088883,0.0018106513,0.00180915,3.176391e-07,0.0018085274,0.0018097726,0.0018146926,2.194047e-06,0.0018103922,0.001818993,0.0018107874,6.0741024e-07,0.0018095968,0.0018119779,0.0018094028,3.6911803e-07,0.0018086793,0.0018101264,0.0018146255,2.1937285e-06,0.0018103258,0.0018189251,0.0018103889,5.501838e-07,0.0018093105,0.0018114672,0.0018093677,3.675238e-07,0.0018086473,0.001810088
98,0.0014741037,3.314896e-10,0.001474103,0.0014741044,0.0014741037,3.314896e-10,0.001474103,0.0014741044,0.0014741037,3.314896e-10,0.001474103,0.0014741044,0.0014741037,3.314896e-10,0.001474103,0.0014741044,0.0014741037,3.314896e-10,0.001474103,0.0014741044,0.0014741037,3.314896e-10,0.001474103,0.0014741044,0.0014741037,3.314896e-10,0.001474103,0.0014741044,0.0014741037,3.314896e-10,0.001474103,0.0014741044,0.0014741037,3.314896e-10,0.001474103,0.0014741044
99,0.41995257,0.0054911426,0.40918994,0.4307152,0.45875245,0.005494831,0.44798258,0.46952233,0.50431174,0.00548111,0.49356878,0.5150547,0.44248882,0.005493836,0.4317209,0.45325673,0.46991867,0.0053166514,0.45949802,0.48033932,0.5104197,0.0053796573,0.4998756,0.52096385,0.62540275,0.0054093846,0.61480033,0.63600516,0.643011,0.005096627,0.6330216,0.65300035,0.6708922,0.004823829,0.66143745,0.6803469
